episode_hash,split,manifest_task,task_description,relative_path,abs_zarr_path,user_id,scene_id,environment_id,total_frames,fps,duration_sec,n_subcaptions,annotation_coverage,quality_tier
696ba1a51e187f32c5eb59f7,train,adding_soil_to_bags,The person is filling small plastic seedling bags with soil from a pile on the ground.,full/human/mecka/4c/696ba1a51e187f32c5eb59f7.zarr,/mnt/lzh/egoVerse/datasets/full/human/mecka/4c/696ba1a51e187f32c5eb59f7.zarr,691a804d9e2d4a70b6277755,nursery,garden_centre,2836,30.0,94.533,7,1.0,pass
696bb301f79f22003e62032b,train,adding_soil_to_pots,"The person plants a small seedling into a pot by filling it with soil, inserting the plant, and packing the soil, before preparing a new pot.",full/human/mecka/cf/696bb301f79f22003e62032b.zarr,/mnt/lzh/egoVerse/datasets/full/human/mecka/cf/696bb301f79f22003e62032b.zarr,694b1b1bbbfb646b2b3c5ee6,greenhouse,garden_centre,2980,30.0,99.333,7,1.0,pass
69b327d3241a6c270e2e2588,train,applying_nail_polish,"The person is performing a manicure, specifically applying nail polish to fake nails and curing them using a UV nail lamp.",full/human/mecka/14/69b327d3241a6c270e2e2588.zarr,/mnt/lzh/egoVerse/datasets/full/human/mecka/14/69b327d3241a6c270e2e2588.zarr,695c80d483a9fdf2d84c63ff,manicure_station,nail_salon,2005,30.0,66.833,9,0.9995,pass
69b49ff240272c2234cd2d0f,train,applying_screen_protectors,"A technician carefully applies a privacy screen protector to a smartphone screen at a workbench, ensuring proper alignment and adhesion.",full/human/mecka/6b/69b49ff240272c2234cd2d0f.zarr,/mnt/lzh/egoVerse/datasets/full/human/mecka/6b/69b49ff240272c2234cd2d0f.zarr,692cf757ce5ff368187a08f2,repair_bench,mobile_repair,2369,30.0,78.967,12,0.9992,pass
696da14ac8b3144c937f8c59,train,applying_veneer,The person is filling gaps in a wooden panel surface by inserting thin wooden strips and trimming them flush with a utility knife.,full/human/mecka/e3/696da14ac8b3144c937f8c59.zarr,/mnt/lzh/egoVerse/datasets/full/human/mecka/e3/696da14ac8b3144c937f8c59.zarr,695170e4c0d9448524bad872,workshop,woodworking_shop,2686,30.0,89.533,11,1.0,pass
69b272057d5af359fc3326e5,train,applying_veneer_strips,A person is meticulously applying thin wooden strips into the gaps between larger wooden planks to create a seamless surface.,full/human/mecka/a4/69b272057d5af359fc3326e5.zarr,/mnt/lzh/egoVerse/datasets/full/human/mecka/a4/69b272057d5af359fc3326e5.zarr,6947fb035c0479a0fb81d4f0,assembly_area,woodworking_shop,2095,30.0,69.833,13,1.0,pass
69b429ce19bfe1efa7ca9cdc,train,applying_wood_filler,The person is applying and smoothing filler paste into the gaps of a wooden surface using their fingers and a small knife.,full/human/mecka/b8/69b429ce19bfe1efa7ca9cdc.zarr,/mnt/lzh/egoVerse/datasets/full/human/mecka/b8/69b429ce19bfe1efa7ca9cdc.zarr,6947fb7a5c0479a0fb81d5ba,assembly_area,woodworking_shop,2251,30.0,75.033,17,0.9996,pass
696da11064a75ad017733b41,train,arranging_wood_pieces,"The person is assembling a wooden surface by trimming wooden pieces with a knife, pressing them into place, and removing shavings.",full/human/mecka/6b/696da11064a75ad017733b41.zarr,/mnt/lzh/egoVerse/datasets/full/human/mecka/6b/696da11064a75ad017733b41.zarr,6959301e20b100982d8761a2,assembly_area,woodworking_shop,2836,30.0,94.533,19,1.0,pass
69b204842d7a7dc083ea7b4e,train,assembling_blocks,Assembling a pixel art craft by connecting small plastic hexagonal pieces and securing them with a hammer tool,full/human/mecka/e6/69b204842d7a7dc083ea7b4e.zarr,/mnt/lzh/egoVerse/datasets/full/human/mecka/e6/69b204842d7a7dc083ea7b4e.zarr,6947605873a07e0be60b336c,craft_section,toy_store,1801,30.0,60.033,7,1.0,pass
69b1ca05f5e7396077b83a7a,train,assembling_connectors,The person is assembling decorative items by attaching small white plastic pieces to the ends of red cords.,full/human/mecka/48/69b1ca05f5e7396077b83a7a.zarr,/mnt/lzh/egoVerse/datasets/full/human/mecka/48/69b1ca05f5e7396077b83a7a.zarr,69270b12168ef5e1c2bd2785,break_room,hardware_store,1799,30.0,59.967,18,1.0,pass
69b1fe72c70619d18bc1649c,train,assembling_electronics,Routing and securing antenna and display cables into the channels of a laptop screen assembly.,full/human/mecka/fc/69b1fe72c70619d18bc1649c.zarr,/mnt/lzh/egoVerse/datasets/full/human/mecka/fc/69b1fe72c70619d18bc1649c.zarr,69386f1ec67c9e4814af1b04,repair_center,electronics_shop,1919,30.0,63.967,6,1.0,pass
69b57dfc096a5342c3dc7bf9,train,assembling_furniture,The person installs a cabinet door onto a cabinet frame using a power drill and screws to secure the hinges.,full/human/mecka/47/69b57dfc096a5342c3dc7bf9.zarr,/mnt/lzh/egoVerse/datasets/full/human/mecka/47/69b57dfc096a5342c3dc7bf9.zarr,6939675ac67c9e4814afd4a4,workshop,furniture_reupholstery,2693,30.0,89.767,9,0.9993,pass
696b59621376c8db5e314fb9,train,assembling_signs,The person is gluing a white flexible strip onto the edge of a green plastic object to create a border.,full/human/mecka/99/696b59621376c8db5e314fb9.zarr,/mnt/lzh/egoVerse/datasets/full/human/mecka/99/696b59621376c8db5e314fb9.zarr,68d40ffaf29e2c95810cab31,fabrication_area,sign_shop,2983,30.0,99.433,8,1.0,pass
69b56b04ab11feb5530532da,train,attaching_hardware,Use a hammer to secure multiple white components onto a long black strap at a workbench.,full/human/mecka/6d/69b56b04ab11feb5530532da.zarr,/mnt/lzh/egoVerse/datasets/full/human/mecka/6d/69b56b04ab11feb5530532da.zarr,693a3e4dc67c9e4814b0c386,workshop,leather_goods,2685,30.0,89.5,6,0.9996,pass
69727b42d7ab7ec2aaae4623,train,bagging_seeds,The person is portioning different types of seeds from bowls into small plastic bags using a spoon and then sealing them.,full/human/mecka/5f/69727b42d7ab7ec2aaae4623.zarr,/mnt/lzh/egoVerse/datasets/full/human/mecka/5f/69727b42d7ab7ec2aaae4623.zarr,6944c7f074e27bfb235811d0,vegetable_garden,agriculture_farm,3283,30.0,109.433,16,1.0,pass
696e72da103f142a3d3fab6e,train,carving_styrofoam,The person is cutting and shaping styrofoam pieces into leaf-like forms using a small knife.,full/human/mecka/60/696e72da103f142a3d3fab6e.zarr,/mnt/lzh/egoVerse/datasets/full/human/mecka/60/696e72da103f142a3d3fab6e.zarr,694e0c8862d08e8cd961ce98,workshop,art_framing,2980,30.0,99.333,5,1.0,pass
69716b313afa247001595a64,train,carving_wax,"The person is preparing white material, likely wax, by scraping it from a solid piece into a small pot using a tool. The pot is heated on a portable burner to melt the material for use.",full/human/mecka/c3/69716b313afa247001595a64.zarr,/mnt/lzh/egoVerse/datasets/full/human/mecka/c3/69716b313afa247001595a64.zarr,694be29cfe16de113bc8568a,production_area,candle_studio,2986,30.0,99.533,2,1.0,pass
69b4bfcc74ac87c55e05aa9e,train,chopping_garlic,A person is using a knife to finely mince ginger on a circular wooden cutting board.,full/human/mecka/30/69b4bfcc74ac87c55e05aa9e.zarr,/mnt/lzh/egoVerse/datasets/full/human/mecka/30/69b4bfcc74ac87c55e05aa9e.zarr,691443a9f9e8c754743eb831,production_area,bread_bakery,2393,30.0,79.767,3,0.9992,pass
69b2031961f41e36320e7752,train,cleaning_bolts,The person is cleaning a metal bolt using a piece of abrasive cloth to remove rust or debris.,full/human/mecka/0f/69b2031961f41e36320e7752.zarr,/mnt/lzh/egoVerse/datasets/full/human/mecka/0f/69b2031961f41e36320e7752.zarr,6926ecd64a8070b9cec8b393,parking_lot,auto_repair,1949,30.0,64.967,2,1.0,pass
69b901d5ace9d1c4923cfc20,train,cleaning_dishes,"A person cleans multiple white bowls with a cloth, organizes them onto a kitchen shelf, and then wipes down the surrounding counter surfaces.",full/human/mecka/fe/69b901d5ace9d1c4923cfc20.zarr,/mnt/lzh/egoVerse/datasets/full/human/mecka/fe/69b901d5ace9d1c4923cfc20.zarr,6995d09ded1708063b2e84b2,kitchen,home,2821,30.0,94.033,11,0.9996,pass
69b51c9862fdc2f575078a8a,train,cleaning_engines,A person is meticulously cleaning and inspecting a motorcycle engine crankcase component using a cloth.,full/human/mecka/b2/69b51c9862fdc2f575078a8a.zarr,/mnt/lzh/egoVerse/datasets/full/human/mecka/b2/69b51c9862fdc2f575078a8a.zarr,6926efba4a8070b9cec8b71b,service_bay,auto_repair,2695,30.0,89.833,3,0.9996,pass
69b4b196d2b46435f93cb12e,train,cleaning_gaskets,A person is cleaning a metal engine gasket with a blue cloth on a wooden table to remove dirt and residue.,full/human/mecka/7d/69b4b196d2b46435f93cb12e.zarr,/mnt/lzh/egoVerse/datasets/full/human/mecka/7d/69b4b196d2b46435f93cb12e.zarr,694a6ead5c0479a0fb867619,service_bay,auto_repair,2425,30.0,80.833,2,0.9996,pass
69b967c2a8f5c8c8ef9bb24c,train,cleaning_laptops,"The person cleans their laptop screen, keyboard, and lid before wiping the desk surface and placing a mousepad.",full/human/mecka/fd/69b967c2a8f5c8c8ef9bb24c.zarr,/mnt/lzh/egoVerse/datasets/full/human/mecka/fd/69b967c2a8f5c8c8ef9bb24c.zarr,6989aec4f8ca4464d99e7bd2,home_office,home,2485,30.0,82.833,6,0.9996,pass
696b19a2f8e8293f615f75e9,train,cleaning_sachets,The user cleans a long strip of coffee sachets by wiping them with a cloth.,full/human/mecka/33/696b19a2f8e8293f615f75e9.zarr,/mnt/lzh/egoVerse/datasets/full/human/mecka/33/696b19a2f8e8293f615f75e9.zarr,693047dace5ff368187ca129,prep_area,coffee_shop,2983,30.0,99.433,6,1.0,pass
696bb8de4efa2e122be60246,train,cleaning_shoelaces,The person lubricates the zipper of a patterned pouch by alternating between applying wax with a stick and opening and closing the zipper to distribute the wax.,full/human/mecka/ce/696bb8de4efa2e122be60246.zarr,/mnt/lzh/egoVerse/datasets/full/human/mecka/ce/696bb8de4efa2e122be60246.zarr,695ba8b283a9fdf2d84971b4,repair_bench,shoe_repair_store,2083,30.0,69.433,12,1.0,pass
69b97ed5a5fa7432c21c957f,train,cleaning_stoves,A person is cleaning the surface of a gas stovetop with a cloth and tissue before reassembling the burner components.,full/human/mecka/00/69b97ed5a5fa7432c21c957f.zarr,/mnt/lzh/egoVerse/datasets/full/human/mecka/00/69b97ed5a5fa7432c21c957f.zarr,6993c38e8ef02529700401bd,kitchen,home,2818,30.0,93.933,11,0.9996,pass
69b872ec0a20ea4e2d821e66,train,cleaning_stovetop,"A person is cleaning the kitchen stovetop and counter while organizing pots, pans, and spices.",full/human/mecka/ff/69b872ec0a20ea4e2d821e66.zarr,/mnt/lzh/egoVerse/datasets/full/human/mecka/ff/69b872ec0a20ea4e2d821e66.zarr,69731c5189fa4bc311ce8301,kitchen,home,2879,30.0,95.967,14,0.9993,pass
696e86744a5fcb629b337c8d,train,cleaning_tableware,The person cleans and polishes a spoon and a knife using a cloth pouch.,full/human/mecka/a8/696e86744a5fcb629b337c8d.zarr,/mnt/lzh/egoVerse/datasets/full/human/mecka/a8/696e86744a5fcb629b337c8d.zarr,693b9cb1c67c9e4814b20e8a,seating_area,coffee_shop,2683,30.0,89.433,4,1.0,pass
69b88da8329155a5c842746b,train,cleaning_windows,A person is cleaning glass window panes using a spray bottle and a cloth in a sequential manner.,full/human/mecka/65/69b88da8329155a5c842746b.zarr,/mnt/lzh/egoVerse/datasets/full/human/mecka/65/69b88da8329155a5c842746b.zarr,698fcd8cb28e68855a280ab3,living_room,home,2459,30.0,81.967,5,0.9992,pass
696e3380dc2838e08b0cec7e,train,crafting_bows,"The person constructs and shapes a decorative silver bow, using scissors to trim the ribbon.",full/human/mecka/a9/696e3380dc2838e08b0cec7e.zarr,/mnt/lzh/egoVerse/datasets/full/human/mecka/a9/696e3380dc2838e08b0cec7e.zarr,6938e47bb347d76c9fa5fe53,gift_wrapping_station,gift_shop,2683,30.0,89.433,1,1.0,pass
69b6988e4da1fe51454a083e,train,cutting_grass,Clearing weeds and grass from the base of a blue wall using green-handled pruning shears.,full/human/mecka/09/69b6988e4da1fe51454a083e.zarr,/mnt/lzh/egoVerse/datasets/full/human/mecka/09/69b6988e4da1fe51454a083e.zarr,699566a48ef02529700670e0,garden,home,1945,30.0,64.833,2,0.9995,pass
69b9ca16192d2ab7670dc0c6,train,cutting_leather,A person uses scissors to trim the ends of multiple black rubber strips at a workbench.,full/human/mecka/2e/69b9ca16192d2ab7670dc0c6.zarr,/mnt/lzh/egoVerse/datasets/full/human/mecka/2e/69b9ca16192d2ab7670dc0c6.zarr,693a3f13c67c9e4814b0c3ec,cutting_table,leather_goods,2695,30.0,89.833,6,0.9996,pass
696f39f0e074cc7861dced43,train,decorating,The person is cutting a piece of gold foil into thin strips using scissors to create a fringe effect.,full/human/mecka/a7/696f39f0e074cc7861dced43.zarr,/mnt/lzh/egoVerse/datasets/full/human/mecka/a7/696f39f0e074cc7861dced43.zarr,6949ff4b5c0479a0fb85e7de,craft_section,toy_store,3016,30.0,100.533,2,1.0,pass
69b496ca699f525ceebed0fb,train,filling_packets,"A person is filling and weighing small coffee packets using a black bag of ground coffee, a digital scale, and a spoon before placing them in a metal tray.",full/human/mecka/50/69b496ca699f525ceebed0fb.zarr,/mnt/lzh/egoVerse/datasets/full/human/mecka/50/69b496ca699f525ceebed0fb.zarr,693047dace5ff368187ca129,prep_area,coffee_shop,2335,30.0,77.833,12,0.9996,pass
69b5797cc4c5496f9afd4bf9,train,filling_vials,Use a syringe to transfer liquid from a large silver bottle into multiple small vials and a small silver bottle.,full/human/mecka/e1/69b5797cc4c5496f9afd4bf9.zarr,/mnt/lzh/egoVerse/datasets/full/human/mecka/e1/69b5797cc4c5496f9afd4bf9.zarr,694410732af973621b2b278b,testing_counter,perfume_store,2699,30.0,89.967,9,0.9993,pass
69b40d5d9cd671b2e770aa3e,train,folding_bags,"The person counts individual small plastic bags from a bulk pile, stacks them neatly, and then packages the entire stack into a larger plastic bag.",full/human/mecka/9d/69b40d5d9cd671b2e770aa3e.zarr,/mnt/lzh/egoVerse/datasets/full/human/mecka/9d/69b40d5d9cd671b2e770aa3e.zarr,6931f329bb250a67f0361ec4,packaging_area,clothing_printing,2245,30.0,74.833,3,1.0,pass
69b1c81863f2e0a33670f8eb,train,gluing_bags,The user folds a paper bag object and applies glue to the seams and flaps using a brush.,full/human/mecka/5c/69b1c81863f2e0a33670f8eb.zarr,/mnt/lzh/egoVerse/datasets/full/human/mecka/5c/69b1c81863f2e0a33670f8eb.zarr,6948c1a55c0479a0fb82f128,office,plastic_bag_factory,1795,30.0,59.833,8,1.0,pass
69b56a877c84b98b9831e9f3,train,inspecting_screen_protectors,"The person is inspecting and preparing various mobile phone replacement screens, including peeling off protective films and checking ribbon cables.",full/human/mecka/e2/69b56a877c84b98b9831e9f3.zarr,/mnt/lzh/egoVerse/datasets/full/human/mecka/e2/69b56a877c84b98b9831e9f3.zarr,693ea3047ebf38771693cc3a,repair_center,electronics_shop,2695,30.0,89.833,16,0.9996,pass
6972bdb676d67db920c86a46,train,ironing_and_folding_clothes,The person irons a t-shirt on a table and then folds it into a neat square.,full/human/mecka/b8/6972bdb676d67db920c86a46.zarr,/mnt/lzh/egoVerse/datasets/full/human/mecka/b8/6972bdb676d67db920c86a46.zarr,6905a4e79adc5c8f26f52ca2,stockroom,clothing_store,3583,30.0,119.433,6,1.0,pass
696b4af2f20f919514c6f145,train,knitting,"The person is crocheting a chain using yellow yarn and a wooden hook, performing repetitive stitching motions.",full/human/mecka/af/696b4af2f20f919514c6f145.zarr,/mnt/lzh/egoVerse/datasets/full/human/mecka/af/696b4af2f20f919514c6f145.zarr,693675512a90d93e026d7484,office,sewing_factory,2986,30.0,99.533,9,1.0,pass
69b5007641a4401e4c3f54ee,train,labeling_phone_cases,A person is preparing and labeling phone cases and a mobile phone at a workspace.,full/human/mecka/9a/69b5007641a4401e4c3f54ee.zarr,/mnt/lzh/egoVerse/datasets/full/human/mecka/9a/69b5007641a4401e4c3f54ee.zarr,6951fb39c0d9448524bb49d8,stockroom,appliances_store,2665,30.0,88.833,9,0.9996,pass
69b56d77130037c5b4ba6271,train,leveling_soil,The person is filling a black container with soil from a large pile using a hand shovel and carefully leveling and pressing it down to prepare it for planting.,full/human/mecka/bb/69b56d77130037c5b4ba6271.zarr,/mnt/lzh/egoVerse/datasets/full/human/mecka/bb/69b56d77130037c5b4ba6271.zarr,6948bbeb5c0479a0fb82ec42,nursery,garden_centre,2692,30.0,89.733,4,0.9996,pass
69739f41026a2ba2357ee2b3,train,lint_rolling_clothes,"A person uses a lint roller to clean a piece of fabric, unfolding and refolding it to ensure all surfaces are cleaned.",full/human/mecka/e1/69739f41026a2ba2357ee2b3.zarr,/mnt/lzh/egoVerse/datasets/full/human/mecka/e1/69739f41026a2ba2357ee2b3.zarr,6943d2ada2a8b5aee76632f9,stockroom,clothing_store,3133,30.0,104.433,2,0.9959,pass
69b4d354fa004527e6445863,train,making_candles,A person is preparing decorative elements in small cups by pouring heated liquid and mixing materials with a spoon.,full/human/mecka/e6/69b4d354fa004527e6445863.zarr,/mnt/lzh/egoVerse/datasets/full/human/mecka/e6/69b4d354fa004527e6445863.zarr,694be2a3fe16de113bc8568b,workshop,candle_studio,2570,30.0,85.667,9,0.9992,pass
69b489f84f13e26864ae0dbc,train,making_crafts,A person is decorating a bowl with small green ribbon pieces to create a decorative craft item.,full/human/mecka/93/69b489f84f13e26864ae0dbc.zarr,/mnt/lzh/egoVerse/datasets/full/human/mecka/93/69b489f84f13e26864ae0dbc.zarr,69463c6fadb84a71a8e2bbea,floral_department,grocery_store,2251,30.0,75.033,8,0.9996,pass
69b6bd0ce1b8ba5278f6c1c9,train,mopping,"A person mops a tiled floor in a room, briefly pausing to adjust a water bottle on a table.",full/human/mecka/44/69b6bd0ce1b8ba5278f6c1c9.zarr,/mnt/lzh/egoVerse/datasets/full/human/mecka/44/69b6bd0ce1b8ba5278f6c1c9.zarr,698c311e9c7041a3a32e59e9,living_room,home,2065,30.0,68.833,3,0.9995,pass
69b3285ccd1a4bcc06afa06f,train,organizing_candies,The person is meticulously organizing and arranging various snack bars and candy packages on a retail display shelf to ensure a neat presentation.,full/human/mecka/24/69b3285ccd1a4bcc06afa06f.zarr,/mnt/lzh/egoVerse/datasets/full/human/mecka/24/69b3285ccd1a4bcc06afa06f.zarr,693818f2c67c9e4814ae97ce,snack_aisle,grocery_store,2095,30.0,69.833,6,1.0,pass
696b838ad3cc9dc76c561443,train,organizing_items,The person is unfolding floor cloths from a source stack and piling them neatly into a new stack on the table.,full/human/mecka/34/696b838ad3cc9dc76c561443.zarr,/mnt/lzh/egoVerse/datasets/full/human/mecka/34/696b838ad3cc9dc76c561443.zarr,68f69188151ed264839aa9c8,backroom,grocery_store,2314,30.0,77.133,6,1.0,pass
69b37f82798c89398b267ff3,train,organizing_wires,The person is organizing a bundle of electrical cables by separating individual cables and their connectors from the main group.,full/human/mecka/c1/69b37f82798c89398b267ff3.zarr,/mnt/lzh/egoVerse/datasets/full/human/mecka/c1/69b37f82798c89398b267ff3.zarr,69270b12168ef5e1c2bd2785,hardware_section,hardware_store,2249,30.0,74.967,1,1.0,pass
696ec90f4a5fcb629b3380da,train,packaging,Stir melted chocolate in a pot on a stove to ensure a smooth consistency for molding.,full/human/mecka/2f/696ec90f4a5fcb629b3380da.zarr,/mnt/lzh/egoVerse/datasets/full/human/mecka/2f/696ec90f4a5fcb629b3380da.zarr,6959da96b8d0e4dc08fb4eb5,packaging_area,pastry_shop,2986,30.0,99.533,2,1.0,pass
696eaebd0388683cf18b0ff3,train,packaging_buttons,"The person is sorting small, colorful items from a plastic container into a small plastic bag.",full/human/mecka/5a/696eaebd0388683cf18b0ff3.zarr,/mnt/lzh/egoVerse/datasets/full/human/mecka/5a/696eaebd0388683cf18b0ff3.zarr,694e3ac462d08e8cd961ff26,packaging_area,sewing_factory,2683,30.0,89.433,13,1.0,pass
69b4b1833065bf627cde2af6,train,packaging_cloths,A person is carefully folding checkered cloths into small rectangles and placing them into clear plastic bags for packaging.,full/human/mecka/8b/69b4b1833065bf627cde2af6.zarr,/mnt/lzh/egoVerse/datasets/full/human/mecka/8b/69b4b1833065bf627cde2af6.zarr,695d098f83a9fdf2d84d9a47,stockroom,cleaning_supply_store,2399,30.0,79.967,10,0.9992,pass
696b9ee479bc0402722c2216,train,packaging_combs,Packing colorful plastic combs into individual clear plastic sleeves,full/human/mecka/fe/696b9ee479bc0402722c2216.zarr,/mnt/lzh/egoVerse/datasets/full/human/mecka/fe/696b9ee479bc0402722c2216.zarr,694b968d62d08e8cd95cffe3,stockroom,gift_shop,2683,30.0,89.433,4,1.0,pass
69b4b97f671bfb1f5254e223,train,packaging_crafts,A person is assembling and packaging small floral crafts using felt flowers and pipe cleaners on a cutting mat.,full/human/mecka/ab/69b4b97f671bfb1f5254e223.zarr,/mnt/lzh/egoVerse/datasets/full/human/mecka/ab/69b4b97f671bfb1f5254e223.zarr,695a053c6433dee57b67ee6d,gift_wrapping_station,gift_shop,2458,30.0,81.933,4,0.9996,pass
69b1cc1a7bbf15d61c802fe9,train,packaging_cutlery,"Assembling a cutlery set by inserting a label, spoon, and chopsticks into a package and sealing it with a twist tie tag.",full/human/mecka/83/69b1cc1a7bbf15d61c802fe9.zarr,/mnt/lzh/egoVerse/datasets/full/human/mecka/83/69b1cc1a7bbf15d61c802fe9.zarr,693e94c67ebf38771693caea,workshop,jewelry_handicraft,1795,30.0,59.833,13,1.0,pass
696da39bde1537c60354d9ff,train,packaging_incense_sticks,The user is packaging bundles of incense sticks into clear plastic sleeves using a single stick as a tool to push them in.,full/human/mecka/e2/696da39bde1537c60354d9ff.zarr,/mnt/lzh/egoVerse/datasets/full/human/mecka/e2/696da39bde1537c60354d9ff.zarr,695eee5183a9fdf2d854e2cd,stockroom,perfume_store,2236,30.0,74.533,7,1.0,pass
696bb012a5b1694665c19712,train,packaging_nails,Manually sorting and aligning a large bundle of loose nails into a neat arrangement using continuous hand manipulation.,full/human/mecka/ea/696bb012a5b1694665c19712.zarr,/mnt/lzh/egoVerse/datasets/full/human/mecka/ea/696bb012a5b1694665c19712.zarr,6948b1c05c0479a0fb82de5d,warehouse,hardware_store,2983,30.0,99.433,15,1.0,pass
69b555b7a97937a3e2fb3d65,train,packaging_nuts,A person wearing plastic gloves packages yellow pellets into small plastic bags using a metal bowl and a spoon for scooping.,full/human/mecka/24/69b555b7a97937a3e2fb3d65.zarr,/mnt/lzh/egoVerse/datasets/full/human/mecka/24/69b555b7a97937a3e2fb3d65.zarr,695a67b06433dee57b687f31,packaging_line,nut_processing_factory,2695,30.0,89.833,7,0.9996,pass
6972c094969cdf4e87112d2a,train,packaging_parts,"The person is packing small black items from a pink basket into a cardboard box, using a plastic bag to line the box and compacting the items as they go.",full/human/mecka/c5/6972c094969cdf4e87112d2a.zarr,/mnt/lzh/egoVerse/datasets/full/human/mecka/c5/6972c094969cdf4e87112d2a.zarr,695b04fc83a9fdf2d8485831,material_storage,wrap_shop,2986,30.0,99.533,24,1.0,pass
696bed30cca65ef14372042f,train,packaging_pet_food,The person is filling a clear plastic bag with grain from a green container using a small scoop.,full/human/mecka/cc/696bed30cca65ef14372042f.zarr,/mnt/lzh/egoVerse/datasets/full/human/mecka/cc/696bed30cca65ef14372042f.zarr,6961d6d583a9fdf2d85ee7e7,stockroom,pet_store,2683,30.0,89.433,2,1.0,pass
696bd3a80281c838642f1840,train,packaging_powder,"Filling a small plastic bag with powder using a spoon, sealing it, and placing it in a container.",full/human/mecka/6f/696bd3a80281c838642f1840.zarr,/mnt/lzh/egoVerse/datasets/full/human/mecka/6f/696bd3a80281c838642f1840.zarr,696709f883a9fdf2d86eec04,table_section,restaurant,2648,30.0,88.267,6,1.0,pass
696d9f4ae0ac2bc918d467c1,train,packaging_souvenirs,The person is sorting and organizing various colored plastic utensils into plastic bags on a patterned surface.,full/human/mecka/5f/696d9f4ae0ac2bc918d467c1.zarr,/mnt/lzh/egoVerse/datasets/full/human/mecka/5f/696d9f4ae0ac2bc918d467c1.zarr,694b980e62d08e8cd95d01e0,stockroom,gift_shop,2686,30.0,89.533,10,1.0,pass
69b4cec112a6cbd534b5ba8e,train,packing_clothes,"A person irons a pair of denim shorts, folds them, places them in a plastic bag, and then packs them into a cardboard box.",full/human/mecka/47/69b4cec112a6cbd534b5ba8e.zarr,/mnt/lzh/egoVerse/datasets/full/human/mecka/47/69b4cec112a6cbd534b5ba8e.zarr,68b3ce7da367a4b3947a9991,stockroom,clothing_store,2500,30.0,83.333,11,0.9996,pass
69b5556a0403c14bba1f62f6,train,packing_food,A person is portioning out red snacks from a bowl into a small plastic bag using a digital scale to ensure the correct weight.,full/human/mecka/2a/69b5556a0403c14bba1f62f6.zarr,/mnt/lzh/egoVerse/datasets/full/human/mecka/2a/69b5556a0403c14bba1f62f6.zarr,693d9c3bc22d538636d15a06,packaging_line,packaged_foods,2695,30.0,89.833,6,0.9996,pass
69b533aba55386e5af547a6c,train,picking_leaves,The person is processing leafy herbs by removing the leaves from the stems and placing them into a colander while discarding the bare stems into a basket.,full/human/mecka/70/69b533aba55386e5af547a6c.zarr,/mnt/lzh/egoVerse/datasets/full/human/mecka/70/69b533aba55386e5af547a6c.zarr,68d3724ff29e2c95810c99fc,prep_area,restaurant,2699,30.0,89.967,3,0.9993,pass
696bb38792c84474ed1b5622,train,portioning_dough,"The person portions dough by cutting pieces from a large lump, weighing them on a digital scale, adjusting the weight by adding or removing small amounts, and placing the finished portions in rows on the table.",full/human/mecka/3c/696bb38792c84474ed1b5622.zarr,/mnt/lzh/egoVerse/datasets/full/human/mecka/3c/696bb38792c84474ed1b5622.zarr,694e076d62d08e8cd961c8f7,production_area,bread_bakery,2680,30.0,89.333,30,1.0,pass
696ba85976b41c2326097fa5,train,portioning_powder,The person is manually packing white powder from a large red bag into small clear plastic bags using a spoon.,full/human/mecka/3a/696ba85976b41c2326097fa5.zarr,/mnt/lzh/egoVerse/datasets/full/human/mecka/3a/696ba85976b41c2326097fa5.zarr,6941c9c70ffe79576c2a032f,backroom,grocery_store,1921,30.0,64.033,5,1.0,pass
69b32fc2cf7a852768645d3e,train,preparing_stickers,"A person is meticulously preparing and organizing stickers at a desk, peeling off backings and sorting them into a basket.",full/human/mecka/0d/69b32fc2cf7a852768645d3e.zarr,/mnt/lzh/egoVerse/datasets/full/human/mecka/0d/69b32fc2cf7a852768645d3e.zarr,6931f329bb250a67f0361ec4,artwork_preparation_area,clothing_printing,2099,30.0,69.967,7,1.0,pass
69b567c5179ecfd3b33aa382,train,processing_leather_strips,The person is preparing a black strap by marking measurement intervals and punching holes into it using a rod and a hammer on a workbench.,full/human/mecka/c4/69b567c5179ecfd3b33aa382.zarr,/mnt/lzh/egoVerse/datasets/full/human/mecka/c4/69b567c5179ecfd3b33aa382.zarr,693a3e4dc67c9e4814b0c386,workshop,leather_goods,2695,30.0,89.833,17,0.9996,pass
69b4d0542e0e1cd2280ed428,train,repairing_computers,"The person is performing internal maintenance on a computer tower, involving unscrewing parts and managing internal cables.",full/human/mecka/f4/69b4d0542e0e1cd2280ed428.zarr,/mnt/lzh/egoVerse/datasets/full/human/mecka/f4/69b4d0542e0e1cd2280ed428.zarr,695cef8e83a9fdf2d84d34e8,repair_bench,computer_repair,2548,30.0,84.933,5,0.9996,pass
69b55b6a6371c861a170a698,train,repairing_engines,"A person is performing maintenance or repair on a small engine component, specifically focusing on the piston and cylinder assembly using various tools.",full/human/mecka/21/69b55b6a6371c861a170a698.zarr,/mnt/lzh/egoVerse/datasets/full/human/mecka/21/69b55b6a6371c861a170a698.zarr,692e80c5ce5ff368187b0e7f,engine_repair_station,motorcycle_repair,2678,30.0,89.267,7,0.9993,pass
69b4b5ca1d57a6d358e47a64,train,repairing_parts,The person is assembling and adjusting a mechanical metal tool on top of a barrel.,full/human/mecka/a2/69b4b5ca1d57a6d358e47a64.zarr,/mnt/lzh/egoVerse/datasets/full/human/mecka/a2/69b4b5ca1d57a6d358e47a64.zarr,6926eb344a8070b9cec8b18b,service_bay,auto_repair,2399,30.0,79.967,6,0.9992,pass
69b5787422471f0894f4cd4b,train,repairing_phones,The person is repairing or assembling a mobile phone by manipulating internal components and inspecting the circuit board at a desk.,full/human/mecka/4a/69b5787422471f0894f4cd4b.zarr,/mnt/lzh/egoVerse/datasets/full/human/mecka/4a/69b5787422471f0894f4cd4b.zarr,6934e0fac67c9e4814ac4c5e,repair_bench,electronics_repair,2699,30.0,89.967,6,0.9993,pass
69b5333a7ab5cb8d58718e37,train,restringing_guitars,"The person is restringing an acoustic guitar by threading a new string through the tuning peg and bridge, tightening it, and trimming the excess.",full/human/mecka/e8/69b5333a7ab5cb8d58718e37.zarr,/mnt/lzh/egoVerse/datasets/full/human/mecka/e8/69b5333a7ab5cb8d58718e37.zarr,6964826783a9fdf2d8659a6e,repair_bench,instrument_repair,2695,30.0,89.833,6,0.9996,pass
69b5444917219d378d74aa8f,train,sewing_leather,The person is sewing two fabric pieces together using a needle and thread to create a craft item.,full/human/mecka/7a/69b5444917219d378d74aa8f.zarr,/mnt/lzh/egoVerse/datasets/full/human/mecka/7a/69b5444917219d378d74aa8f.zarr,695dbe2551e2d79969f15c05,workshop,leather_goods,2699,30.0,89.967,4,0.9993,pass
69b38f3f1e56f6bdf5a37559,train,shaving_bamboo,"A person uses a knife to shave and shape a long bamboo stick on a work surface, flipping it occasionally to work on different sides.",full/human/mecka/55/69b38f3f1e56f6bdf5a37559.zarr,/mnt/lzh/egoVerse/datasets/full/human/mecka/55/69b38f3f1e56f6bdf5a37559.zarr,693bbf11f9f7210d66eb06c8,warehouse,furniture_store,1874,30.0,62.467,4,1.0,pass
69b4b3e7c8f3797a5f1f67ba,train,sorting_beads,A person sorts pink and orange beads from a multicolored tray and packs them into small plastic bags.,full/human/mecka/b2/69b4b3e7c8f3797a5f1f67ba.zarr,/mnt/lzh/egoVerse/datasets/full/human/mecka/b2/69b4b3e7c8f3797a5f1f67ba.zarr,694be8ab62d08e8cd95d8f28,packaging_area,sewing_factory,2401,30.0,80.033,9,0.9996,pass
69b541c9c7e02bc8d412b086,train,sorting_buttons,A person sorts specific turquoise beads from a container and places them into a small plastic bag.,full/human/mecka/d2/69b541c9c7e02bc8d412b086.zarr,/mnt/lzh/egoVerse/datasets/full/human/mecka/d2/69b541c9c7e02bc8d412b086.zarr,694be7be62d08e8cd95d8ce7,trim_storage,sewing_factory,2699,30.0,89.967,12,0.9993,pass
69b52a105d5efd59f80d4b4a,train,sorting_candies,"The person is sorting small colorful candies from a pile and placing them into a clear jar, examining many of them individually.",full/human/mecka/eb/69b52a105d5efd59f80d4b4a.zarr,/mnt/lzh/egoVerse/datasets/full/human/mecka/eb/69b52a105d5efd59f80d4b4a.zarr,692489a3a0f5b00acc27e5b9,snack_aisle,grocery_store,2698,30.0,89.933,25,0.9996,pass
69b494925fadf00f5a3f1857,train,sorting_components,Sorting and organizing through-hole electronic resistors into small plastic bags and bowls on a tray.,full/human/mecka/2c/69b494925fadf00f5a3f1857.zarr,/mnt/lzh/egoVerse/datasets/full/human/mecka/2c/69b494925fadf00f5a3f1857.zarr,695cbd8983a9fdf2d84cc638,repair_center,electronics_shop,2275,30.0,75.833,9,0.9996,pass
69b4af3b38fbfdf7b20f1174,train,sorting_electronic_components,"Organizing and sorting numerous small electronic components on a circular tray by hand, placing some in containers and arranging others into groups.",full/human/mecka/63/69b4af3b38fbfdf7b20f1174.zarr,/mnt/lzh/egoVerse/datasets/full/human/mecka/63/69b4af3b38fbfdf7b20f1174.zarr,695cc52983a9fdf2d84cd081,stockroom,electronics_shop,2431,30.0,81.033,5,0.9996,pass
69b374e38b7e31850a2c3f3b,train,sorting_screws,"A person is sorting and bagging small metal parts by picking them from a container, placing them on a table, and then transferring them into individual plastic bags.",full/human/mecka/29/69b374e38b7e31850a2c3f3b.zarr,/mnt/lzh/egoVerse/datasets/full/human/mecka/29/69b374e38b7e31850a2c3f3b.zarr,695cf60083a9fdf2d84d4f02,repair_center,electronics_shop,2248,30.0,74.933,8,1.0,pass
696b831a93818b7b258ebed1,train,sorting_tackle,Sorting small metal items from a bulk tray into smaller containers by holding a handful in the left hand and transferring them individually with the right hand.,full/human/mecka/a8/696b831a93818b7b258ebed1.zarr,/mnt/lzh/egoVerse/datasets/full/human/mecka/a8/696b831a93818b7b258ebed1.zarr,6923e3a64a8070b9cec692af,tackle_section,fishing_shop,3586,30.0,119.533,5,1.0,pass
69b4d6776371c861a170a2ad,train,stringing_guitars,A person is restringing and tuning an acoustic guitar at a workbench.,full/human/mecka/71/69b4d6776371c861a170a2ad.zarr,/mnt/lzh/egoVerse/datasets/full/human/mecka/71/69b4d6776371c861a170a2ad.zarr,6964826783a9fdf2d8659a6e,repair_bench,instrument_repair,2458,30.0,81.933,8,0.9996,pass
69b4b040f19ed0467e17179a,train,trimming_labels,A person is preparing food packets by cutting the edges and applying white labels to them.,full/human/mecka/69/69b4b040f19ed0467e17179a.zarr,/mnt/lzh/egoVerse/datasets/full/human/mecka/69/69b4b040f19ed0467e17179a.zarr,69436b618a2368472b8e7e5a,packaging_line,dry_fruit_factory,2455,30.0,81.833,5,0.9992,pass
696b80331e187f32c5eb5895,train,trimming_threads,Packaging a beige pouch by attaching a paper wrap with a fastener and inserting the item into a plastic sleeve.,full/human/mecka/f6/696b80331e187f32c5eb5895.zarr,/mnt/lzh/egoVerse/datasets/full/human/mecka/f6/696b80331e187f32c5eb5895.zarr,694859d1bcf6fd8a0dba24aa,gift_wrapping_station,gift_shop,2968,30.0,98.933,8,1.0,pass
69b3257ae7e3b57c9e1779e8,train,unpicking_stitches,"The person is carefully using a seam ripper to remove stitches from a purple velvet fabric on a sewing machine table, periodically repositioning the garment.",full/human/mecka/2f/69b3257ae7e3b57c9e1779e8.zarr,/mnt/lzh/egoVerse/datasets/full/human/mecka/2f/69b3257ae7e3b57c9e1779e8.zarr,6926d8eb4a8070b9cec8a0f4,sewing_floor,sewing_factory,2099,30.0,69.967,3,1.0,pass
6976b5cb39510854b7622940,train,using_syringe_to_mix_perfume,A person uses a syringe to transfer liquid from a small pink bottle into a larger silver bottle on a table.,full/human/mecka/3f/6976b5cb39510854b7622940.zarr,/mnt/lzh/egoVerse/datasets/full/human/mecka/3f/6976b5cb39510854b7622940.zarr,694d883fd4b89a9b2cefdc5b,testing_counter,perfume_store,3136,30.0,104.533,3,1.0,pass
69b937964a18f0c8d9bf7b61,train,washing_dishes,A person washes various utensils in a basin of water and sorts them into different containers.,full/human/mecka/94/69b937964a18f0c8d9bf7b61.zarr,/mnt/lzh/egoVerse/datasets/full/human/mecka/94/69b937964a18f0c8d9bf7b61.zarr,6999d58c8f173e14271fa241,kitchen,home,2038,30.0,67.933,3,0.9995,pass
696c61bc6902ce4cbbd7defe,train,washing_shoes,"A person thoroughly cleans a black shoe in a sink using a toothbrush, systematically scrubbing different surfaces including the sole, sides, and toe area.",full/human/mecka/c0/696c61bc6902ce4cbbd7defe.zarr,/mnt/lzh/egoVerse/datasets/full/human/mecka/c0/696c61bc6902ce4cbbd7defe.zarr,694e041862d08e8cd961c3fb,washing_area,laundry_shop,2986,30.0,99.533,7,1.0,pass
69b6a6274c0646b574a5100e,train,washing_utensils,The person is cleaning various kitchen items in a sink using a sponge and rinsing them under the faucet.,full/human/mecka/2f/69b6a6274c0646b574a5100e.zarr,/mnt/lzh/egoVerse/datasets/full/human/mecka/2f/69b6a6274c0646b574a5100e.zarr,69a0ab6ccd46525aa395a150,kitchen,home,2035,30.0,67.833,13,0.9995,pass
69b68ec2f2710b05b13a6d88,train,watering_plants,A person uses a yellow hand-pump sprayer to water various potted plants in a garden at night.,full/human/mecka/20/69b68ec2f2710b05b13a6d88.zarr,/mnt/lzh/egoVerse/datasets/full/human/mecka/20/69b68ec2f2710b05b13a6d88.zarr,697eb619e064ec869aa9ab44,garden,home,1816,30.0,60.533,8,0.9994,pass
69b533daa55386e5af547a6f,train,weaving_baskets,The person is weaving a mat using multiple green plastic strips on a red table.,full/human/mecka/0a/69b533daa55386e5af547a6f.zarr,/mnt/lzh/egoVerse/datasets/full/human/mecka/0a/69b533daa55386e5af547a6f.zarr,693cc2acfbfebafa1c88d0c1,packaging_area,plastic_bag_factory,2699,30.0,89.967,8,0.9993,pass
69b490c517e3a9ccf08b229a,train,weeding_soil,A person uses a small hand hoe to clear grass and weeds from a garden bed adjacent to growing plants.,full/human/mecka/4f/69b490c517e3a9ccf08b229a.zarr,/mnt/lzh/egoVerse/datasets/full/human/mecka/4f/69b490c517e3a9ccf08b229a.zarr,6946bfbb5c0479a0fb80593a,field,agriculture_farm,2249,30.0,74.967,2,0.9991,pass
696bba30316c07a505ec66f9,train,winding_wire,Manually winding copper wire onto a motor stator component and adjusting the coil tightness.,full/human/mecka/84/696bba30316c07a505ec66f9.zarr,/mnt/lzh/egoVerse/datasets/full/human/mecka/84/696bba30316c07a505ec66f9.zarr,695758cd20b100982d83c5e3,repair_bench,electronics_repair,2980,30.0,99.333,3,1.0,pass
69b9833052dad08d449b0091,train,wiping_dishes,A person uses a cloth to wipe clean a green plate and a small container.,full/human/mecka/32/69b9833052dad08d449b0091.zarr,/mnt/lzh/egoVerse/datasets/full/human/mecka/32/69b9833052dad08d449b0091.zarr,69a4c3afc4216c3e3ce57305,dining_room,home,2698,30.0,89.933,3,0.9996,pass
69b49cc55d6b48c59a9320ab,train,wiping_fruits,The person is cleaning green fruit with a cloth and moving them from a source crate to a destination crate.,full/human/mecka/50/69b49cc55d6b48c59a9320ab.zarr,/mnt/lzh/egoVerse/datasets/full/human/mecka/50/69b49cc55d6b48c59a9320ab.zarr,6944b25f74e27bfb2357fbba,sorting_area,dry_fruit_factory,2339,30.0,77.967,5,0.9991,pass
69b10497fecba246fce64c64,train,wiping_plates,A person is thoroughly cleaning a floral-patterned plate using a dark cloth over a 2-minute period.,full/human/mecka/69/69b10497fecba246fce64c64.zarr,/mnt/lzh/egoVerse/datasets/full/human/mecka/69/69b10497fecba246fce64c64.zarr,6974f653b393af9134c8261a,living_room,home,3439,30.0,114.633,2,1.0,pass
696b0c713e1499d81d87bbb2,train,wrapping_objects,Decorating a tube by spiraling yellow and pink ribbons around it and attaching a bow.,full/human/mecka/1e/696b0c713e1499d81d87bbb2.zarr,/mnt/lzh/egoVerse/datasets/full/human/mecka/1e/696b0c713e1499d81d87bbb2.zarr,694896c45c0479a0fb82c26b,workshop,jewelry_handicraft,2386,30.0,79.533,6,1.0,pass
69b1cc852e36136371f32383,train,wrapping_tubes,Measuring and cutting a piece of blue metallic paper to wrap a silver stick.,full/human/mecka/24/69b1cc852e36136371f32383.zarr,/mnt/lzh/egoVerse/datasets/full/human/mecka/24/69b1cc852e36136371f32383.zarr,6949fe6f5c0479a0fb85e68b,craft_section,toy_store,1798,30.0,59.933,8,1.0,pass
